"","p.val","p.adj"
"cox_subset",0.0372926939204064,0.0745853878408128
"cox_meta_total",0.0416150855764487,0.0745853878408128
